{
  "Disabled": false,
  "Testing": false,
  "ScheduledForDeletion": false,
  "InstalledFromUrl": "",
  "WorkingPluginId": "00000000-0000-0000-0000-000000000000",
  "IsThirdParty": false,
  "EffectiveVersion": "2.1.1.1",
  "Author": "Aida Enna ，LintoWilr（汉化）",
  "Name": "PF2 CN",
  "Punchline": "很好，让某些种族消失吧！",
  "Description": "国服自用特供，我受够了！",
  "Changelog": null,
  "Tags": [
    "",
    "",
    "",
    "",
    ""
  ],
  "CategoryTags": null,
  "IsHide": false,
  "InternalName": "PF2 CN",
  "AssemblyVersion": "2.1.1.1",
  "TestingAssemblyVersion": null,
  "IsTestingExclusive": false,
  "RepoUrl": "https://github.com/Aida-Enna/XIVPlugins",
  "ApplicableVersion": "any",
  "DalamudApiLevel": 8,
  "DownloadCount": 0,
  "LastUpdate": 0,
  "DownloadLinkInstall": null,
  "DownloadLinkUpdate": null,
  "DownloadLinkTesting": null,
  "LoadRequiredState": 0,
  "LoadSync": false,
  "LoadPriority": 0,
  "CanUnloadAsync": false,
  "SupportsProfiles": true,
  "ImageUrls": null,
  "IconUrl": "",
  "AcceptsFeedback": true,
  "FeedbackMessage": null,
  "_Dip17Channel": null
}