{
  "Disabled": false,
  "Testing": false,
  "ScheduledForDeletion": false,
  "InstalledFromUrl": "",
  "IsThirdParty": false,
  "EffectiveVersion": "2.0.0.1",
  "IsAvailableForTesting": false,
  "Author": "Aida Enna",
  "Name": "Potato Famine 2",
  "Punchline": "改变种族，让世界拥有更多猫娘龙娘，同时可以让你讨厌的种族消失.但是肥肥很可爱！",
  "Description": "让你讨厌的种族消失的好工具.",
  "Changelog": null,
  "Tags": [
    "lala",
    "lalafell",
    "potato",
    "famine",
    "aida"
  ],
  "CategoryTags": null,
  "IsHide": false,
  "InternalName": "PotatoFamine2",
  "AssemblyVersion": "2.0.0.1",
  "TestingAssemblyVersion": null,
  "IsTestingExclusive": false,
  "RepoUrl": "https://github.com/Aida-Enna/XIVPlugins",
  "ApplicableVersion": "any",
  "DalamudApiLevel": 8,
  "DownloadCount": 0,
  "LastUpdate": 0,
  "DownloadLinkInstall": null,
  "DownloadLinkUpdate": null,
  "DownloadLinkTesting": null,
  "LoadRequiredState": 0,
  "LoadSync": false,
  "LoadPriority": 0,
  "CanUnloadAsync": false,
  "ImageUrls": null,
  "IconUrl": "https://raw.iqiq.io/LintoWilr/My-Plugins/main/PotatoFamine2/PotatoFamine2.png",
  "AcceptsFeedback": true,
  "FeedbackMessage": null,
  "_isDip17Plugin": false,
  "_Dip17Channel": null
}