{
  "Author": "Aida Enna ，LintoWilr（汉化）",
  "Name": "Potato Famine 2",
  "InternalName": "PotatoFamine2",
  "AssemblyVersion": "2.1.1.1",
  "Description": "国服自用特供，我受够了！",
  "ApplicableVersion": "any",
  "RepoUrl": "https://github.com/Aida-Enna/XIVPlugins",
  "Tags": [
    "lala"
  ],
  "DalamudApiLevel": 8,
  "LoadRequiredState": 0,
  "LoadSync": false,
  "LoadPriority": 0,
  "IconUrl": "https://raw.githubusercontent.com/LintoWilr/My-Plugins/main/PotatoFamine2/PotatoFamine2.png",
  "Punchline": "很好，让某些种族消失吧！",
  "AcceptsFeedback": true
}