{
  "Author": "Aida Enna LintoWilr(汉化)",
  "Name": "Potato Famine 2",
  "InternalName": "PotatoFamine2",
  "AssemblyVersion": "2.0.0.1",
  "Description": "改变他人或自己的种族",
  "ApplicableVersion": "any",
  "RepoUrl": "https://github.com/Aida-Enna/XIVPlugins",
  "Tags": [
    "lala",
    "lalafell",
    "potato",
    "famine",
    "aida"
  ],
  "DalamudApiLevel": 8,
  "LoadRequiredState": 0,
  "LoadSync": false,
  "CanUnloadAsync": false,
  "LoadPriority": 0,
  "IconUrl": "",
  "Punchline": "改变模型的种族",
  "AcceptsFeedback": true
}