{
  "Author": "Aida Enna",
  "Name": "Food Check",
  "InternalName": "FoodCheck",
  "AssemblyVersion": "1.0.0.0",
  "Description": "在倒计时开始时监测谁没吃食物，并可选择在小队频道/默语频道中发布自定义出警信息",
  "ApplicableVersion": "any",
  "RepoUrl": "",
  "Tags": [
    "food",
    "foodcheck",
    "raid",
    "aida"
  ],
  "DalamudApiLevel": 8,
  "LoadRequiredState": 0,
  "LoadSync": false,
  "LoadPriority": 0,
  "IconUrl": "https://raw.githubusercontent.com/Aida-Enna/XIVPlugins/main/Plogon/Resources/Icons/FoodCheck.png",
  "Punchline": "队里老有人忘记吃食物，我懒得一个个提醒他们了。现在，这个插件可以帮我自动出警没吃食物的人！",
  "AcceptsFeedback": true
}